Group,timePerReply,Sum of Resolution time,Sum of Replies,Count of Id
Endorsements,194.3810393258427,1383993,7120,6449
Reimbursement Claims,70.39366043465883,741738,10537,3827
Onboardings,62.93625852356952,212284,3373,530
Support,42.90807066158642,619378,14435,5670
